Model,Threshold,Accuracy,Precision,PPV,Recall,Specificity,NPV,F1-Score,ROC-AUC,AUPRC,True Positives,False Positives,True Negatives,False Negatives,F1-Score (Optimized),Recall (Optimized),Precision (Optimized),Accuracy (Optimized),Specificity (Optimized),NPV (Optimized),True Positives (Opt),False Positives (Opt),True Negatives (Opt),False Negatives (Opt)
XGBoost,0.1296037882566452,0.9473684210526315,1.0,1.0,0.045454545454545456,1.0,0.9472361809045227,0.08695652173913043,0.8677959971063419,0.4693637297857015,2,0,754,42,0.5517241379310345,0.5454545454545454,0.5581395348837209,0.9511278195488722,0.9748010610079576,0.9735099337748344,24,19,735,20
RandomForest,0.2761366940757106,0.9486215538847118,0.5789473684210527,0.5789473684210527,0.25,0.9893899204244032,0.9576379974326059,0.3492063492063492,0.8487762237762237,0.46733117337987923,11,8,746,33,0.54,0.6136363636363636,0.48214285714285715,0.9423558897243107,0.9615384615384616,0.977088948787062,27,29,725,17
SVM,0.10714375263875178,0.6754385964912281,0.11469534050179211,0.11469534050179211,0.7272727272727273,0.6724137931034483,0.976878612716763,0.19814241486068113,0.7671961659030625,0.16299845479828254,32,247,507,12,0.28368794326241137,0.45454545454545453,0.20618556701030927,0.8734335839598998,0.8978779840848806,0.9657631954350927,20,77,677,24
LogisticRegression,0.7652309773630714,0.7744360902255639,0.13440860215053763,0.13440860215053763,0.5681818181818182,0.786472148541114,0.9689542483660131,0.21739130434782608,0.7186520376175549,0.29902351211630956,25,161,593,19,0.41975308641975306,0.38636363636363635,0.4594594594594595,0.9411027568922306,0.9734748010610079,0.9645203679369251,17,20,734,27
