Model,Accuracy,Precision,Recall,F1-Score,ROC-AUC,AUPRC
XGBoost (GBM),0.9398496240601504,0.2727272727272727,0.06976744186046512,0.1111111111111111,0.7888187278607732,0.2548878401529201
Bagging,0.943609022556391,0.4166666666666667,0.11627906976744186,0.18181818181818182,0.7862467272447251,0.2150369352836332
Random Forest,0.943609022556391,0.25,0.023255813953488372,0.0425531914893617,0.7848760203295856,0.24071880956433003
Naive Bayes,0.05388471177944862,0.05388471177944862,1.0,0.10225921521997622,0.6556291390728476,0.16226956452665312
Logistic Regression,0.9398496240601504,0.0,0.0,0.0,0.6316340674572617,0.11726619116043564
