Model,Threshold,Accuracy,Precision,PPV,Recall,Specificity,NPV,F1-Score,ROC-AUC,AUPRC,True Positives,False Positives,True Negatives,False Negatives
XGBoost,0.5,0.9473684210526315,1.0,1.0,0.045454545454545456,1.0,0.9472361809045227,0.08695652173913043,0.8677959971063419,0.4693637297857015,2,0,754,42
RandomForest,0.5,0.9486215538847118,0.5789473684210527,0.5789473684210527,0.25,0.9893899204244032,0.9576379974326059,0.3492063492063492,0.8487762237762237,0.46733117337987923,11,8,746,33
SVM,0.5,0.6754385964912281,0.11469534050179211,0.11469534050179211,0.7272727272727273,0.6724137931034483,0.976878612716763,0.19814241486068113,0.7671961659030625,0.16299845479828254,32,247,507,12
LogisticRegression,0.5,0.7744360902255639,0.13440860215053763,0.13440860215053763,0.5681818181818182,0.786472148541114,0.9689542483660131,0.21739130434782608,0.7186520376175549,0.29902351211630956,25,161,593,19
