{
  "ART_MBP": {
    "type": "z",
    "mean": 70.53223419189453,
    "std": 35.498680114746094,
    "q001": 0.0,
    "q999": 200.0,
    "n": 6400597
  },
  "CVP": {
    "type": "z",
    "mean": 6.3793206214904785,
    "std": 5.162359714508057,
    "q001": -5.0,
    "q999": 30.0,
    "n": 328245
  },
  "NEPI_RATE": {
    "type": "robust",
    "median": 1.8405497074127197,
    "iqr": 1.8625285625457764,
    "q25": 0.9162907600402832,
    "q75": 2.7788193225860596,
    "q001": 0.0,
    "q999": 3.648057460784912,
    "n": 62376
  },
  "PLETH_HR": {
    "type": "z",
    "mean": 72.54473876953125,
    "std": 17.497900009155273,
    "q001": 38.0,
    "q999": 179.0,
    "n": 6910876
  },
  "PLETH_SPO2": {
    "type": "z",
    "mean": 99.24385070800781,
    "std": 2.3175408840179443,
    "q001": 72.14710998535156,
    "q999": 100.0,
    "n": 6910880
  }
}