{
  "ART_MBP": {
    "type": "z",
    "mean": 70.4447021484375,
    "std": 35.5189094543457,
    "q001": 0.0,
    "q999": 200.0,
    "n": 6387318
  },
  "CVP": {
    "type": "z",
    "mean": 6.34902811050415,
    "std": 5.227496147155762,
    "q001": -5.0,
    "q999": 30.0,
    "n": 328297
  },
  "NEPI_RATE": {
    "type": "robust",
    "median": 1.7917594909667969,
    "iqr": 2.302585154771805,
    "q25": 0.09531018137931824,
    "q75": 2.397895336151123,
    "q001": 0.0,
    "q999": 3.648057460784912,
    "n": 60158
  },
  "PLETH_HR": {
    "type": "z",
    "mean": 72.4916000366211,
    "std": 17.41737937927246,
    "q001": 38.0,
    "q999": 178.26278686523438,
    "n": 6917853
  },
  "PLETH_SPO2": {
    "type": "z",
    "mean": 99.24569702148438,
    "std": 2.2764275074005127,
    "q001": 72.1700668334961,
    "q999": 100.0,
    "n": 6917857
  }
}