{
  "ART_MBP": {
    "type": "z",
    "mean": 70.11038970947266,
    "std": 35.5775260925293,
    "q001": 0.0,
    "q999": 200.0,
    "n": 6432856
  },
  "CVP": {
    "type": "z",
    "mean": 6.511206150054932,
    "std": 5.01767110824585,
    "q001": -5.0,
    "q999": 30.0,
    "n": 337449
  },
  "NEPI_RATE": {
    "type": "robust",
    "median": 1.9021074771881104,
    "iqr": 1.7850704193115234,
    "q25": 0.9162907600402832,
    "q75": 2.7013611793518066,
    "q001": 0.0,
    "q999": 3.5862927436828613,
    "n": 63211
  },
  "PLETH_HR": {
    "type": "z",
    "mean": 71.91577911376953,
    "std": 17.03652572631836,
    "q001": 38.0,
    "q999": 166.0,
    "n": 6916205
  },
  "PLETH_SPO2": {
    "type": "z",
    "mean": 99.2603988647461,
    "std": 2.1501495838165283,
    "q001": 74.36246490478516,
    "q999": 100.0,
    "n": 6916209
  }
}