{
  "ART_MBP": {
    "type": "z",
    "mean": 70.54428100585938,
    "std": 35.2103385925293,
    "q001": 0.0,
    "q999": 200.0,
    "n": 6424281
  },
  "CVP": {
    "type": "z",
    "mean": 6.415015697479248,
    "std": 5.04384708404541,
    "q001": -5.0,
    "q999": 30.0,
    "n": 297100
  },
  "NEPI_RATE": {
    "type": "robust",
    "median": 1.8405497074127197,
    "iqr": 1.7458497285842896,
    "q25": 0.9555114507675171,
    "q75": 2.7013611793518066,
    "q001": 0.0,
    "q999": 3.648057460784912,
    "n": 74093
  },
  "PLETH_HR": {
    "type": "z",
    "mean": 72.28669738769531,
    "std": 17.204885482788086,
    "q001": 40.0,
    "q999": 179.0,
    "n": 6916357
  },
  "PLETH_SPO2": {
    "type": "z",
    "mean": 99.2506332397461,
    "std": 2.306947708129883,
    "q001": 72.0,
    "q999": 100.0,
    "n": 6916357
  }
}