{
  "ART_MBP": {
    "type": "z",
    "mean": 70.08280181884766,
    "std": 35.41386413574219,
    "q001": 0.0,
    "q999": 200.0,
    "n": 6395576
  },
  "CVP": {
    "type": "z",
    "mean": 6.458293437957764,
    "std": 5.3284687995910645,
    "q001": -5.0,
    "q999": 30.0,
    "n": 307125
  },
  "NEPI_RATE": {
    "type": "robust",
    "median": 1.7917594909667969,
    "iqr": 2.469639092683792,
    "q25": 0.09531018137931824,
    "q75": 2.5649492740631104,
    "q001": 0.0,
    "q999": 3.648057460784912,
    "n": 63906
  },
  "PLETH_HR": {
    "type": "z",
    "mean": 72.40243530273438,
    "std": 17.307785034179688,
    "q001": 38.0,
    "q999": 176.78533935546875,
    "n": 6913117
  },
  "PLETH_SPO2": {
    "type": "z",
    "mean": 99.22335815429688,
    "std": 2.3502392768859863,
    "q001": 72.0,
    "q999": 100.0,
    "n": 6913121
  }
}