model,roc_auc_mean,roc_auc_std,pr_auc_mean,pr_auc_std
bilstm,0.6039690309005336,0.07189144600681786,0.10752481867849462,0.0509973939008256
gru,0.6490438813132426,0.08110437941175502,0.13213421106007897,0.06686622461595235
lstm,0.610771262232231,0.06964006378415744,0.12183517437108467,0.03863148928461545
tcn,0.674103106259848,0.10419963800155607,0.14628278676607026,0.06780187182884538
